date,ticker,nav,so,close
2026-08-03,159801.SZ,,,1.109
2026-08-04,159801.SZ,,,1.03
2026-08-05,159801.SZ,,,1.085
2026-08-07,159801.SZ,,,1.152
2026-08-03,ARKG,38.593,,38.56
2026-08-04,ARKG,38.593,,39.62
2026-08-05,ARKG,39.613,,40.7
2026-08-07,ARKG,41.261,,41.24
2026-08-03,ARKK,71.174,,71.24
2026-08-04,ARKK,71.174,,73.54
2026-08-05,ARKK,73.458,,76.76
2026-08-07,ARKK,76.177,,76.18
2026-08-03,BLOK,59.3483,,59.26
2026-08-04,BLOK,59.3483,,61.28
2026-08-05,BLOK,61.358,,62.15
2026-08-07,BLOK,60.4913,,60.47
2026-08-03,BOTZ,35.65,,35.22
2026-08-04,BOTZ,35.65,,35.93
2026-08-05,BOTZ,35.93,,37.09
2026-08-07,BOTZ,37.3,,37.3
2026-08-03,CIBR,91.76,,91.83
2026-08-04,CIBR,91.76,,93.91
2026-08-05,CIBR,93.84,,97.94
2026-08-07,CIBR,97.46,,97.57
2026-08-03,COPX,78.95,,78.86
2026-08-04,COPX,78.95,,79.36
2026-08-05,COPX,79.19,,83.99
2026-08-07,COPX,86.58,,86.72
2026-08-03,CQQQ,50.22,,50.3
2026-08-04,CQQQ,50.22,,50.19
2026-08-05,CQQQ,50.39,,51.69
2026-08-07,CQQQ,51.96,,52.02
2026-08-03,DBC,29.42,111400000.0,29.45
2026-08-04,DBC,29.42,111400000.0,28.88
2026-08-05,DBC,28.88,,28.31
2026-08-07,DBC,28.5,111400000.0,28.48
2026-08-03,EEM,64.41153,752400000.0,64.09
2026-08-04,EEM,64.41153,752400000.0,64.32
2026-08-05,EEM,64.78836,,66.0
2026-08-07,EEM,65.68265,752400000.0,65.72
2026-08-03,EFA,105.48984,938400000.0,105.58
2026-08-04,EFA,105.48984,938400000.0,106.02
2026-08-05,EFA,106.04513,938400000.0,107.32
2026-08-07,EFA,107.31071,938400000.0,107.43
2026-08-03,EWJ,92.24827,227850000.0,92.39
2026-08-04,EWJ,92.24827,227850000.0,92.91
2026-08-05,EWJ,93.39389,,94.61
2026-08-07,EWJ,94.86563,227850000.0,95.16
2026-08-03,EXH1.DE,53.8834,,53.9
2026-08-04,EXH1.DE,53.8834,,53.81
2026-08-05,EXH1.DE,53.8339,,52.94
2026-08-07,EXH1.DE,52.457,,52.42
2026-08-03,EXH4.DE,119.0399,,119.24
2026-08-04,EXH4.DE,119.0399,,120.8
2026-08-05,EXH4.DE,120.6084,,122.8
2026-08-07,EXH4.DE,122.8872,,123.02
2026-08-03,EXH9.DE,57.258,,57.3
2026-08-04,EXH9.DE,57.258,,57.36
2026-08-05,EXH9.DE,57.3166,,57.36
2026-08-07,EXH9.DE,57.0596,,57.11
2026-08-03,EXV1.DE,41.9121,,41.99
2026-08-04,EXV1.DE,41.9121,,42.605
2026-08-05,EXV1.DE,42.52,,42.87
2026-08-07,EXV1.DE,42.5192,,42.6
2026-08-03,EXV3.DE,93.4385,,93.47
2026-08-04,EXV3.DE,93.4385,,94.73
2026-08-05,EXV3.DE,94.6342,,97.33
2026-08-07,EXV3.DE,96.8161,,96.9
2026-08-03,GDX,74.26,,74.1
2026-08-04,GDX,74.26,,76.05
2026-08-05,GDX,75.75,,77.92
2026-08-07,GDX,83.36,,83.68
2026-08-03,GLD,369.39526,260300000.0,371.54
2026-08-04,GLD,369.39526,260300000.0,371.71
2026-08-05,GLD,369.52536,260300000.0,374.16
2026-08-07,GLD,385.89343,260300000.0,389.64
2026-08-03,IBIT,35.65597,,35.64
2026-08-04,IBIT,35.65597,,36.16
2026-08-05,IBIT,36.17798,,36.39
2026-08-07,IBIT,36.72156,,36.74
2026-08-03,ICLN,17.6157,,17.55
2026-08-04,ICLN,17.6157,,17.99
2026-08-05,ICLN,18.06229,,18.44
2026-08-07,ICLN,18.13716,,18.1
2026-08-03,IEF,92.90695,146000000.0,92.95
2026-08-04,IEF,92.90695,146000000.0,92.82
2026-08-05,IEF,92.79893,,93.25
2026-08-07,IEF,93.28195,146000000.0,93.31
2026-08-03,IHI,52.48422,,52.51
2026-08-04,IHI,52.48422,,54.21
2026-08-05,IHI,54.21723,,54.11
2026-08-07,IHI,53.73374,,53.72
2026-08-03,IJR,145.42265,565750016.0,145.46
2026-08-04,IJR,145.42265,565750016.0,147.86
2026-08-05,IJR,147.8642,565750016.0,150.41
2026-08-07,IJR,148.9978,565750016.0,148.94
2026-08-03,ITA,239.52335,,239.66
2026-08-04,ITA,239.52335,,246.08
2026-08-05,ITA,246.11276,,250.65
2026-08-07,ITA,252.04933,,252.28
2026-08-03,JETS,31.3306,,31.28
2026-08-04,JETS,31.3306,,32.67
2026-08-05,JETS,32.5812,,33.4
2026-08-07,JETS,33.5067,,33.53
2026-08-03,LIT,69.81,,69.22
2026-08-04,LIT,69.81,,69.41
2026-08-05,LIT,69.62,,71.69
2026-08-07,LIT,73.08,,72.65
2026-08-03,MOO,81.62,11200000.0,81.72
2026-08-04,MOO,81.62,11200000.0,80.98
2026-08-05,MOO,81.06,,81.69
2026-08-07,MOO,81.19,11200000.0,81.22
2026-08-03,PAVE,56.31,,56.36
2026-08-04,PAVE,56.31,,57.54
2026-08-05,PAVE,57.56,,58.58
2026-08-07,PAVE,58.67,,58.65
2026-08-03,PHO,70.14,,70.17
2026-08-04,PHO,70.14,,71.19
2026-08-05,PHO,71.22,,72.88
2026-08-07,PHO,72.92,,72.92
2026-08-03,QQQ,687.83,393100000.0,687.99
2026-08-04,QQQ,687.83,393100000.0,700.07
2026-08-05,QQQ,700.05,393100000.0,723.85
2026-08-07,QQQ,717.34,393100000.0,717.3
2026-08-03,REMX,65.83,,65.97
2026-08-04,REMX,65.83,,67.63
2026-08-05,REMX,67.41,,71.52
2026-08-07,REMX,72.35,,72.46
2026-08-03,SKYY,142.97,,143.0
2026-08-04,SKYY,142.97,,147.98
2026-08-05,SKYY,148.0,,153.43
2026-08-07,SKYY,153.51,,153.48
2026-08-03,SOXX,504.08713,7650000.0,504.89
2026-08-04,SOXX,504.08713,7650000.0,507.68
2026-08-05,SOXX,507.99405,7650000.0,542.21
2026-08-07,SOXX,530.8193,7650000.0,530.7
2026-08-03,SPY,746.6043,917782016.0,747.03
2026-08-04,SPY,746.6043,917782016.0,757.67
2026-08-05,SPY,757.6769,917782016.0,771.33
2026-08-07,SPY,769.9367,917782016.0,769.79
2026-08-03,TAN,49.29,,49.33
2026-08-04,TAN,49.29,,51.24
2026-08-05,TAN,51.25,,53.37
2026-08-07,TAN,51.33,,51.27
2026-08-03,TIP,107.53529,177700000.0,106.846
2026-08-04,TIP,107.53529,177700000.0,106.86
2026-08-05,TIP,106.7983,,107.05
2026-08-07,TIP,106.97988,177700000.0,107.0
2026-08-03,TLT,82.18364,109700000.0,82.25
2026-08-04,TLT,82.18364,109700000.0,82.19
2026-08-05,TLT,82.16868,109700000.0,82.82
2026-08-07,TLT,82.97298,109700000.0,83.0
2026-08-03,URA,39.31,,39.07
2026-08-04,URA,39.31,,40.81
2026-08-05,URA,39.9,,42.49
2026-08-07,URA,42.89,,42.89
2026-08-03,VGK,90.58,282092992.0,90.59
2026-08-04,VGK,90.58,282092992.0,90.93
2026-08-05,VGK,90.92,,91.84
2026-08-07,VGK,91.84,282092992.0,91.85
2026-08-03,VNQ,98.87,370180992.0,98.95
2026-08-04,VNQ,98.87,370180992.0,99.07
2026-08-05,VNQ,99.07,,98.92
2026-08-07,VNQ,98.95,370180992.0,98.92
2026-08-03,WOOD,71.71267,,71.8
2026-08-04,WOOD,71.71267,,72.71
2026-08-05,WOOD,72.14768,,73.355
2026-08-07,WOOD,72.81862,,73.09
2026-08-03,XBI,147.06392,,147.01
2026-08-04,XBI,147.06392,,147.31
2026-08-05,XBI,147.33601,,151.88
2026-08-07,XBI,153.06728,,153.01
2026-08-03,XLB,50.40134,71923696.0,50.43
2026-08-04,XLB,50.40134,71923696.0,51.01
2026-08-05,XLB,51.02606,71923696.0,52.0
2026-08-07,XLB,52.63487,71923696.0,52.64
2026-08-03,XLC,108.21146,,108.24
2026-08-04,XLC,108.21146,,111.34
2026-08-05,XLC,111.28733,,112.04
2026-08-07,XLC,110.85778,,110.87
2026-08-03,XLE,59.53441,186424000.0,59.55
2026-08-04,XLE,59.53441,186424000.0,58.79
2026-08-05,XLE,58.77783,186424000.0,58.52
2026-08-07,XLE,57.29382,186424000.0,57.31
2026-08-03,XLF,56.93105,883444992.0,56.94
2026-08-04,XLF,56.93105,883444992.0,57.38
2026-08-05,XLF,57.36029,883444992.0,57.88
2026-08-07,XLF,58.01764,883444992.0,58.0
2026-08-03,XLI,179.72783,136626000.0,179.84
2026-08-04,XLI,179.72783,136626000.0,183.16
2026-08-05,XLI,183.0773,136626000.0,186.4
2026-08-07,XLI,186.33897,136626000.0,186.35
2026-08-03,XLP,85.05293,210172000.0,85.05
2026-08-04,XLP,85.05293,210172000.0,84.86
2026-08-05,XLP,84.85203,210172000.0,85.37
2026-08-07,XLP,85.33396,210172000.0,85.33
2026-08-03,XLRE,45.03436,,45.07
2026-08-04,XLRE,45.03436,,45.18
2026-08-05,XLRE,45.17335,,45.17
2026-08-07,XLRE,45.20014,,45.2
2026-08-03,XLU,44.32875,163274000.0,44.35
2026-08-04,XLU,44.32875,163274000.0,44.36
2026-08-05,XLU,44.36831,163274000.0,44.11
2026-08-07,XLU,43.65657,163274000.0,43.66
2026-08-03,XLV,162.53606,197415008.0,162.55
2026-08-04,XLV,162.53606,197415008.0,162.24
2026-08-05,XLV,162.25073,,162.1
2026-08-07,XLV,164.19313,197415008.0,164.16
2026-08-03,XLY,116.04934,120253000.0,116.09
2026-08-04,XLY,116.04934,120253000.0,118.21
2026-08-05,XLY,118.22,,118.29
2026-08-07,XLY,118.63924,120253000.0,118.64
2026-08-03,XME,100.71641,17500200.0,100.65
2026-08-04,XME,100.71641,17500200.0,103.11
2026-08-05,XME,103.09006,,107.86
2026-08-07,XME,111.83611,17500200.0,111.92
